htm_name,T_min_C,T_max_C,rho_kg_m3,Cp_J_kgK,mu_Pa_s,k_W_mK,h_jacket_override,notes,reference
Water,5.0,95.0,997.0,4182.0,8.9e-4,0.607,,Standard cooling/heating medium; properties at 25 C,IAPWS-IF97 / CRC Handbook 97th ed. (25 C)
Water-Glycol (50/50),-30.0,105.0,1075.0,3350.0,3.5e-3,0.400,,50 wt-% ethylene glycol in water; properties near 25 C,ASHRAE Handbook - Fundamentals: aqueous ethylene glycol tables
Syltherm 800,-40.0,400.0,936.0,1617.0,9.1e-3,0.134,,Dow silicone HTF wide range; properties at 25 C,"Dow SYLTHERM 800 TDS (data/HTM_datasheets): rho+mu typical properties at 25 C; Cp/k interpolated from the 0/40 C saturated-liquid table"
Syltherm HF,-73.0,260.0,864.0,1695.0,1.70e-3,0.106,,Dow silicone HTF low-temperature focus; properties at 25 C,"Dow SYLTHERM HF TDS (data/HTM_datasheets): rho+mu typical properties at 25 C; Cp/k interpolated from the -20/30 C saturated-liquid table"
Syltherm XLT,-100.0,260.0,852.0,1784.0,1.4e-3,0.109,,Dow silicone HTF for cryogenic duty; properties at 25 C,"Dow SYLTHERM XLT TDS (data/HTM_datasheets): rho+mu typical properties at 25 C; Cp/k interpolated from the 0/150 F table and converted to SI"
Huber DW-Therm M90.200.02,-90.0,200.0,875.0,1800.0,1.75e-3,0.116,,Isomeric triethoxysilane blend for Unistat hydraulically sealed systems; not compatible with copper/aluminium/non-ferrous metals,"Huber Thermofluids brochure + DW-Therm SDS (data/HTM_datasheets): rho 0.879 g/cm3 at 20 C adjusted to 25 C via the quoted 96.98e-5 /K expansion; mu = 2 mm2/s at 25 C x rho; k 0.116 W/m.K at 30 C; Cp approx 1.80 kJ/kg.K read off the brochure Cp-vs-T chart (axis 1.58-1.83 J/g.K) - confirm with Huber"
Dowtherm A,15.0,400.0,1056.0,1587.0,3.8e-3,0.138,,Eutectic mix of biphenyl / diphenyl oxide; freezes at 12 C,"Dow DOWTHERM A TDS form 176-01472 (data/HTM_datasheets/dowtherm_A.pdf): rho at 25 C; Cp/k interpolated from the 15/65 C saturated-liquid table; mu by ln(mu)-vs-1/T interpolation between 60 F (4.91 cP) and 120 F (2.12 cP)"
Dowtherm Q,-35.0,330.0,962.0,1668.0,3.5e-3,0.121,,Diphenylethane / alkylated aromatics blend,"Dow DOWTHERM Q TDS form 176-01467 (data/HTM_datasheets/dowtherm_Q.pdf): rho/Cp/k interpolated from the 0/40 C saturated-liquid table; mu by ln(mu)-vs-1/T interpolation between 50 F (5.42 cP) and 100 F (2.50 cP)"
Steam (condensing),100.0,250.0,0.6,2010.0,1.2e-5,0.025,8000.0,"Condensing steam: very high h_o (6000-12000 W/(m2·K))","Perry's Chemical Engineers' Handbook 9th ed., Sec. 11 (condensing film coefficients)"
Therminol 66,-3.0,345.0,1005.0,1580.0,8.2e-2,0.117,,Partially hydrogenated terphenyl; very viscous below ~40 C,"Eastman THERMINOL 66 technical bulletin TF-8695 (data/HTM_datasheets/therminol_66_bulletin.pdf): rho/Cp/k interpolated from the 20/30 C liquid-properties table; mu = geometric mean of 122 cP (20 C) and 55.5 cP (30 C)"
Marlotherm SH,-15.0,325.0,1039.0,1580.0,3.6e-2,0.130,,Dibenzyltoluene; viscous below ~40 C (49 cP at 20 C),"Eastman MARLOTHERM SH product guide MT-10741 (data/HTM_datasheets/marlotherm_SH.pdf): rho at 25 C (ASTM D4052); Cp/k interpolated from the 20/30 C table; mu = geometric mean of 49.3 cP (20 C) and 27.2 cP (30 C); max extended use 350 C"
"Brine (CaCl2 25%)",-40.0,60.0,1230.0,2810.0,4.5e-3,0.540,,25 wt-% calcium chloride in water,ASHRAE Handbook - Fundamentals: calcium chloride brine tables
