reaction_name,type,order,k_value,k_units,C0_mol_L,t_rxn_s,T_C,solvent,delta_H_kJ_mol,notes,reaction_scheme
Grignard addition,Nucleophilic addition,2,0.5,L/(mol·s),1.0,2.0,25,THF,-80.0,Typical Grignard – fast and exothermic. Ref: Ashby & Laemmle Chem. Rev. 1975 75:521; Smith & March Advanced Organic Chemistry 6th Ed. Wiley 2007,R-MgBr + R'C(=O)R'' → R'R''(R)C-OMgBr → R'R''(R)C-OH
Suzuki coupling,Cross-coupling,pseudo-1,0.005,1/s,0.1,139.0,80,DMF/H2O,-50.0,Pd-catalyzed; moderate rate at reflux. Ref: Miyaura & Suzuki Chem. Rev. 1995 95:2457; Amatore et al. Chem. Eur. J. 2011 17:2492,Ar-X + Ar'-B(OH)₂ —[Pd]→ Ar-Ar' + X-B(OH)₂
Amide bond formation (EDC),Coupling,2,0.02,L/(mol·s),0.2,250.0,25,DCM,-30.0,Standard peptide coupling. Ref: Valeur & Bradley Chem. Soc. Rev. 2009 38:606; El-Faham & Albericio Chem. Rev. 2011 111:6557,R-COOH + H₂N-R' —[EDC/HOBt]→ R-C(=O)-NH-R' + Urea
Buchwald–Hartwig amination,Cross-coupling,pseudo-1,0.002,1/s,0.05,347.0,100,Toluene,-45.0,Pd/ligand catalyzed C–N coupling. Ref: Surry & Buchwald Chem. Sci. 2011 2:27; Hartwig Acc. Chem. Res. 2008 41:1534,Ar-X + HN(R)R' —[Pd/Ligand/Base]→ Ar-N(R)R' + HX
Diazotization,Electrophilic,2,50.0,L/(mol·s),0.5,0.04,0,Water/HCl,-65.0,Very fast – highly mixing-sensitive. Ref: Zollinger Diazo Chemistry I VCH 1994; Ridd Quart. Rev. 1961 15:418,Ar-NH₂ + NaNO₂ + HCl → [Ar-N≡N]⁺ Cl⁻ + NaCl + H₂O
Nitration (aromatic),Electrophilic substitution,2,5.0,L/(mol·s),2.0,0.1,5,H2SO4/HNO3,-130.0,Fast exothermic – mixing-sensitive. Ref: Albright et al. Nitration ACS Symp. 1996; Hoggett et al. Nitration and Aromatic Reactivity Cambridge UP 1971,Ar-H + HNO₃ —[H₂SO₄]→ Ar-NO₂ + H₂O
Hydrogenation (Pd/C),Heterogeneous,pseudo-1,0.01,1/s,0.3,69.0,25,MeOH,-120.0,Gas–liquid–solid system. Ref: Nishimura Handbook of Heterogeneous Catalytic Hydrogenation Wiley 2001; Rylander Catalytic Hydrogenation Academic Press 1979,R₁C=CR₂ + H₂ —[Pd/C]→ R₁CH-CHR₂
Ester hydrolysis (base),Nucleophilic acyl sub.,2,0.1,L/(mol·s),0.5,20.0,25,Water/THF,-10.0,Moderate rate. Ref: Fogler Elements of Chemical Reaction Engineering 5th Ed. Pearson 2016; Atkins Physical Chemistry 10th Ed. OUP 2014,R-C(=O)-OR' + NaOH → R-COO⁻ Na⁺ + R'-OH
Curtius rearrangement,Rearrangement,1,0.001,1/s,0.2,693.0,80,Toluene,-60.0,Slow thermal rearrangement. Ref: Scriven & Turnbull Chem. Rev. 1988 88:297; Curtius J. Prakt. Chem. 1894 50:275,R-C(=O)-N₃ —[Δ]→ R-N=C=O + N₂ → R-NH₂ (+ CO₂)
Aldol condensation,Addition,2,0.3,L/(mol·s),0.8,4.2,−20,THF,-25.0,Low-temp enolate chemistry. Ref: Heathcock in Comprehensive Organic Synthesis Vol. 2 Pergamon 1991; Clayden et al. Organic Chemistry 2nd Ed. OUP 2012,R-CH₂-C(=O)-R' —[Base]→ R-CH=C(OH)-R' + R''-CHO → β-hydroxy ketone
Crystallization (anti-solvent),Phase change,,0.0,,0.0,5.0,25,Various,0.0,Mixing-sensitive nucleation event. Ref: Myerson Handbook of Industrial Crystallization 3rd Ed. Cambridge UP 2019,Solute (dissolved) + Anti-solvent → Supersaturation → Nucleation → Crystal Growth
Bromination (electrophilic),Electrophilic addition,2,8.0,L/(mol·s),1.0,0.125,25,DCM,-100.0,Fast – selectivity depends on mixing. Ref: Smith & March Advanced Organic Chemistry 6th Ed. Wiley 2007; Carey & Sundberg Advanced Organic Chemistry Part A 5th Ed. Springer 2007,Ar-H + Br₂ —[cat.]→ Ar-Br + HBr
Hydrogenation (Pd/C) TAK-279,Heterogeneous,pseudo-1,0.01,1/s,0.3,69.0,30,MeOH,-10.0,Gas–liquid–solid system,Substrate + H₂ —[Pd/C]→ Reduced product
val - Villermaux-Dushman (Iodide-Iodate),Parallel competing,2,1960000000.0,L^4/(mol^4*s),0.032,0.01,25,Water,-10.0,Micromixing benchmark. Competing neutralisation (quasi-instantaneous) vs Dushman (fast). I2 selectivity indicates micromixing quality. k is for Dushman rate r = k[IO3-][I-]^2[H+]^2 (5th order overall). Ref: Fournier et al. (1996) Chem. Eng. Sci. 51:5053-5064; Guichardon & Falk (2000) Chem. Eng. Sci. 55:4233-4243.,H2BO3- + H+ -> H3BO3 (instant) || IO3- + 5I- + 6H+ -> 3I2 + 3H2O (fast)
val - Bourne 4th (1-Naphthol Diazo Coupling),Parallel competing,2,7300.0,L/(mol*s),0.002,0.068,25,Water (pH 10 buffer),-20.0,Micromixing test reaction. k1=7300 L/(mol*s) (monoazo p-R) and k2=3.5 L/(mol*s) (bisazo S). Selectivity Xs=S/(S+R/2) measures micromixing. Ref: Bourne & Yu (1994) Ind. Eng. Chem. Res. 33:41-55; Baldyga & Bourne (1999) Turbulent Mixing and Chemical Reactions Wiley.,1-Naphthol + ArN2+ -> R (monoazo fast) || R + ArN2+ -> S (bisazo slow)
val - Acid-Base Neutralization (HCl-NaOH),Proton transfer,2,140000000000.0,L/(mol*s),1.0,7.14e-12,25,Water,-57.1,Diffusion-controlled proton transfer. Used for mixing time measurement via pH or conductivity. Ref: Eigen (1964) Angew. Chem. Int. Ed. 3:1-19.,HCl + NaOH -> NaCl + H2O
val - Ethyl Acetate Saponification,Nucleophilic acyl sub.,2,0.111,L/(mol*s),0.1,90.1,25,Water,-12.0,Slow well-characterized reaction. NOT mixing-sensitive at any practical scale. Classic kinetics benchmark. Ref: Fogler (2016) Elements of Chemical Reaction Engineering 5th Ed. Pearson Ch.5.,CH3COOC2H5 + NaOH -> CH3COO- Na+ + C2H5OH
